Date,Australia Price,China Price,Japan Price,USA Price,Australia 10Y Price Prediction,China 10Y Price Prediction,Japan 10Y Price Prediction,USA 10Y Price Prediction,Australia 10Y Return,China 10Y Return,Japan 10Y Return,USA 10Y Return,Australia 10Y Prediction,China 10Y Prediction,Japan 10Y Prediction,USA 10Y Prediction
1982-01-31,,,,120.4,,,,,,,,,13%,,6%,19%
1982-02-28,491,,,113.11,,,,,13%,,,14%,14%,,7%,20%
1982-03-31,462.1,,,111.96,,,,,13%,,,14%,15%,,7%,21%
1982-04-30,503.5,,,116.44,,,,,13%,,,14%,13%,,7%,20%
1982-05-31,504.9,,,111.88,,,,,13%,,,14%,14%,,7%,21%
1982-06-30,473.1,,,109.61,,,,,14%,,,14%,15%,,7%,21%
1982-07-31,465.1,,,107.09,,,,,14%,,,15%,15%,,8%,22%
1982-08-31,482.7,,,119.51,,,,,13%,,,13%,14%,,7%,20%
1982-09-30,503.3,,,120.42,,,,,12%,,,13%,14%,,8%,19%
1982-10-31,504.6,,,133.72,,,,,11%,,,12%,14%,,7%,17%
1982-11-30,484.4,,,138.53,,,,,12%,,,12%,15%,,6%,17%
1982-12-31,485.4,,,140.64,,,,,13%,,,12%,15%,,6%,16%
1983-01-31,536.9,,,145.3,,,,,11%,,,12%,13%,,6%,16%
1983-02-28,498.7,,,148.06,,,,,13%,,,12%,14%,,6%,15%
1983-03-31,512.7,,,152.96,,,,,13%,,,11%,14%,,5%,15%
1983-04-30,591.9,,,164.43,,,,,11%,,,10%,11%,,5%,14%
1983-05-31,620,,,162.39,,,,,11%,,,11%,11%,,5%,14%
1983-06-30,605.1,,,167.64,,,,,11%,,,10%,11%,,4%,14%
1983-07-31,672,,,162.56,,,,,11%,,,11%,10%,,4%,14%
1983-08-31,701.3,,,164.4,,,,,11%,,,11%,9%,,4%,14%
1983-09-30,718,,,166.07,,,,,11%,,,11%,9%,,4%,14%
1983-10-31,687.7,,,163.55,,,,,12%,,,11%,10%,,4%,14%
1983-11-30,744,,,166.4,,,,,10%,,,11%,9%,,4%,14%
1983-12-31,775.3,,,164.93,,,,,11%,,,11%,8%,,3%,14%
1984-01-31,765.7,,,163.41,,,,,12%,,,11%,9%,,3%,14%
1984-02-29,737.8,,,157.06,,,,,11%,,,12%,10%,,3%,15%
1984-03-31,750.5,,10929,159.18,,,,,10%,,6%,11%,9%,,2%,15%
1984-04-30,756,,10981,160.05,,,,,10%,,6%,11%,9%,,2%,15%
1984-05-31,654.9,,9940,150.55,,,,,12%,,8%,12%,11%,,3%,16%
1984-06-30,658.9,,10378,153.18,,,,,12%,,7%,11%,11%,,3%,16%
1984-07-31,681.9,,9999,150.66,,,,,12%,,7%,12%,10%,,3%,16%
1984-08-31,733.4,,10584,166.68,,,,,11%,,7%,11%,9%,,2%,14%
1984-09-30,739.1,,10649,166.1,,,,,10%,,6%,11%,9%,,2%,14%
1984-10-31,753.6,,11253,166.09,,,,,10%,,6%,11%,9%,,2%,14%
1984-11-30,749.5,,11429,163.58,,,,,10%,,5%,11%,9%,,2%,15%
1984-12-31,726.1,,11543,167.24,,,,,10%,,6%,11%,10%,,1%,14%
1985-01-31,773.4,,11993,179.63,,,,,9%,,5%,10%,9%,,2%,13%
1985-02-28,792.3,,12322,181.18,,,,,9%,,3%,10%,9%,,1%,13%
1985-03-31,829.73,,12590,180.66,,,,,9%,,3%,11%,8%,,1%,13%
1985-04-30,875.1,,12426,179.83,,,,,9%,,3%,11%,7%,,1%,14%
1985-05-31,873.54,,12790,189.55,,,,,9%,,2%,11%,8%,,1%,13%
1985-06-30,860.79,,12882,191.85,,,,,9%,,1%,11%,8%,,1%,13%
1985-07-31,936.12,,12263,190.92,,,,,9%,,3%,11%,7%,,1%,13%
1985-08-31,937.82,,12713,188.63,,,,,9%,,4%,12%,7%,,1%,13%
1985-09-30,987.02,,12700,182.08,,,,,8%,,3%,12%,7%,,1%,13%
1985-10-31,1027.05,,12939,189.82,,,,,7%,,3%,12%,7%,,1%,13%
1985-11-30,990.72,,12763,202.17,,,,,8%,,4%,12%,7%,,2%,12%
1985-12-31,1003.78,,13083,211.28,,,,,8%,,4%,11%,7%,,1%,12%
1986-01-31,1075.35,,13024,211.78,,,,,8%,,5%,12%,6%,,1%,12%
1986-02-28,1050.11,,13641,226.92,,,,,8%,,4%,11%,7%,,1%,11%
1986-03-31,1136.55,,15860,238.9,,,,,7%,,3%,10%,6%,,0%,10%
1986-04-30,1210.55,,15826,235.52,,,,,7%,,3%,11%,6%,,0%,10%
1986-05-31,1241.27,,16739,247.35,,,,,6%,,3%,10%,6%,,0%,10%
1986-06-30,1180.08,,17654,250.84,,,,,6%,,2%,10%,6%,,-1%,10%
1986-07-31,1123.19,,17510,236.12,,,,,7%,,2%,10%,7%,,-1%,10%
1986-08-31,1192.34,,18821,252.93,,,,,6%,,1%,10%,6%,,-2%,10%
1986-09-30,1246.58,,17853,231.32,,,,,6%,,2%,12%,6%,,-2%,11%
1986-10-31,1377.2,,16911,243.98,,,,,5%,,2%,11%,5%,,-1%,10%
1986-11-30,1379.57,,18326,249.22,,,,,6%,,1%,12%,6%,,-1%,10%
1986-12-31,1473.16,,18701,242.17,,,,,5%,,0%,12%,5%,,-2%,10%
1987-01-31,1496.3,,20024,274.08,,,,,5%,,-1%,11%,5%,,-2%,9%
1987-02-28,1613.96,,20767,284.2,,,,,4%,,-1%,11%,4%,,-2%,9%
1987-03-31,1689.81,,21567,291.7,,,,,4%,,-2%,10%,4%,,-3%,9%
1987-04-30,1749.57,,23275,288.36,,,,,3%,,-2%,11%,4%,,-3%,9%
1987-05-31,1770.62,,24902,290.1,,,,,4%,,-2%,11%,4%,,-3%,9%
1987-06-30,1765.46,,24176,304,,,,,4%,,-2%,11%,4%,,-3%,8%
1987-07-31,2030.4,,24488,318.66,,,,,3%,,-2%,12%,3%,,-3%,8%
1987-08-31,2149.99,,26029,329.8,,,,,2%,,-3%,11%,3%,,-3%,8%
1987-09-30,2249.18,,26011,321.83,,,,,2%,,-4%,11%,2%,,-3%,8%
1987-10-31,1294.49,,23329,251.79,,,,,6%,,-3%,14%,7%,,-2%,10%
1987-11-30,1329.5,,22687,230.3,,,,,6%,,-3%,15%,7%,,-2%,11%
1987-12-31,1318.85,,21564,247.08,,,,,7%,,-3%,15%,7%,,-2%,11%
1988-01-31,1257.05,,23719,257.07,,,,,8%,,-3%,14%,7%,,-2%,10%
1988-02-29,1250.69,,25243,267.82,,,,,8%,,-4%,15%,7%,,-3%,10%
1988-03-31,1415.32,,26260,258.89,,,,,7%,,-5%,16%,6%,,-3%,10%
1988-04-30,1456.6,,27510,261.33,,,,,6%,,-5%,16%,6%,,-3%,10%
1988-05-31,1566.92,,27417,262.16,,,,,5%,,-5%,15%,5%,,-3%,10%
1988-06-30,1555.03,,27769,273.5,,,,,5%,,-5%,15%,6%,,-3%,10%
1988-07-31,1611.69,,28200,272.02,,,,,5%,,-5%,15%,5%,,-3%,10%
1988-08-31,1570.57,,27366,261.52,,,,,4%,,-6%,14%,6%,,-3%,11%
1988-09-30,1551.57,,27924,271.91,,,,,5%,,-7%,14%,6%,,-3%,10%
1988-10-31,1586.92,,27983,278.97,,,,,5%,,-7%,15%,6%,,-3%,10%
1988-11-30,1471.43,,29579,273.7,,,,,6%,,-7%,16%,7%,,-3%,10%
1988-12-31,1487.2,,30159,277.72,,,,,6%,,-7%,16%,7%,,-3%,10%
1989-01-31,1550.8,,31581,297.47,,,,,6%,,-7%,16%,6%,,-3%,10%
1989-02-28,1485.34,,31986,288.86,,,,,6%,,-8%,16%,7%,,-3%,10%
1989-03-31,1459.58,,32839,294.87,,,,,7%,,-7%,16%,8%,,-3%,10%
1989-04-30,1500.6,,33713,309.64,,,,,7%,,-7%,16%,7%,,-3%,9%
1989-05-31,1529.98,,34267,320.52,,,,,6%,,-7%,15%,7%,,-3%,9%
1989-06-30,1521.06,,32949,317.98,,,,,7%,,-6%,16%,7%,,-3%,9%
1989-07-31,1634.26,,34954,346.08,,,,,6%,,-6%,14%,6%,,-3%,8%
1989-08-31,1763.23,,34431,351.45,,,,,5%,,-7%,14%,6%,,-3%,8%
1989-09-30,1735.99,,35637,349.15,,,,,5%,,-7%,14%,6%,,-3%,8%
1989-10-31,1646.19,,35549,340.36,,,,,5%,,-7%,15%,6%,,-3%,9%
1989-11-30,1611.6,,37269,345.99,,,,,6%,,-7%,15%,7%,,-3%,9%
1989-12-31,1649.84,,38916,353.4,,,,,7%,,-7%,15%,7%,,-3%,8%
1990-01-31,1676.98,,37189,329.08,,,,,6%,,-6%,16%,6%,,-3%,9%
1990-02-28,1573,,34592,331.89,,,,,7%,,-5%,15%,7%,,-3%,9%
1990-03-31,1535.76,,29980,339.94,,,,,7%,,-4%,16%,8%,,-2%,9%
1990-04-30,1434.48,,29585,330.8,,,,,8%,,-5%,16%,8%,,-2%,9%
1990-05-31,1511.65,,33131,361.23,,,,,7%,,-7%,15%,8%,,-2%,8%
1990-06-30,1500.67,,31940,358.02,,,,,8%,,-6%,15%,8%,,-2%,8%
1990-07-31,1573.88,,31036,356.15,,,,,7%,,-7%,15%,7%,,-2%,9%
1990-08-31,1507.62,,25978,322.56,,,,,8%,,-4%,17%,8%,,-1%,10%
1990-09-30,1396.8,,20984,306.05,,,,,9%,,-3%,17%,9%,,1%,10%
1990-10-31,1327.23,,25194,304,,,,,9%,,-5%,17%,9%,,0%,10%
1990-11-30,1319.66,,22455,322.22,,,,,9%,,-4%,15%,9%,,0%,10%
1990-12-31,1279.82,,23849,330.22,,,,,9%,,-5%,15%,9%,,0%,10%
1991-01-31,1321.53,129.97,23293,343.93,,,,,10%,32%,-5%,15%,9%,,0%,9%
1991-02-28,1405.62,133.01,26409,367.07,,,,,9%,31%,-7%,13%,9%,,-1%,9%
1991-03-31,1444.18,120.19,26292,375.22,,,,,8%,33%,-7%,12%,9%,,-1%,9%
1991-04-30,1534.21,113.94,26111,375.34,,,,,8%,34%,-6%,13%,8%,,-1%,8%
1991-05-31,1510.04,114.83,25790,389.83,,,,,8%,34%,-6%,12%,7%,,-1%,8%
1991-06-30,1506.2,137.56,23291,371.16,,,,,9%,32%,-6%,13%,8%,,0%,8%
1991-07-31,1572.3,143.8,24121,387.81,,,,,8%,30%,-7%,12%,7%,,0%,8%
1991-08-31,1540.4,178.43,22336,395.43,,,,,8%,26%,-7%,11%,7%,,0%,8%
1991-09-30,1562.1,180.92,23916,387.86,,,,,7%,26%,-9%,10%,7%,,0%,8%
1991-10-31,1683,218.6,25222,392.45,,,,,7%,23%,-9%,10%,6%,,0%,8%
1991-11-30,1605.7,259.6,22687,375.22,,,,,7%,21%,-7%,12%,7%,,0%,8%
1991-12-31,1651.4,292.75,22984,417.09,,,,,7%,19%,-7%,11%,7%,,0%,8%
1992-01-31,1622.7,313.24,22023,408.78,,,,692.6515655,8%,17%,-8%,11%,7%,,1%,8%
1992-02-29,1614.2,364.66,21339,412.7,1872.071953,,,713.3957129,8%,15%,-7%,10%,7%,,1%,7%
1992-03-31,1582.1,381.24,19346,403.69,1916.13154,,,734.2476815,8%,15%,-5%,11%,7%,,2%,8%
1992-04-30,1655.6,445.38,17391,414.95,1765.872022,,,710.1319242,7%,14%,-4%,10%,7%,,3%,8%
1992-05-31,1729.7,1234.71,18348,415.35,1814.679585,,,721.6209679,7%,2%,-4%,10%,6%,,2%,8%
1992-06-30,1690.1,1191.19,15952,408.14,1921.979595,,,738.959637,6%,4%,-4%,9%,7%,,4%,8%
1992-07-31,1657.5,1052.07,15910,424.21,1899.08247,,,779.0352793,6%,5%,-5%,8%,7%,,4%,7%
1992-08-31,1581,823.27,18061,414.03,1826.093593,,,717.7227452,7%,7%,-6%,8%,7%,,4%,7%
1992-09-30,1510,702.32,17399,417.8,1811.57492,,,709.6309595,7%,8%,-6%,7%,8%,,3%,8%
1992-10-31,1450.2,507.25,16767,418.68,1826.967228,,,661.666991,8%,12%,-6%,8%,8%,,3%,8%
1992-11-30,1478.2,724.6,17684,431.35,1909.998561,,,659.2384747,7%,7%,-6%,8%,8%,,2%,7%
1992-12-31,1589.1,780.39,16925,435.71,1939.277858,,,646.6046484,6%,6%,-7%,7%,8%,,3%,7%
1993-01-31,1560.5,1198.48,17024,438.78,1841.38715,,,627.7609956,7%,2%,-7%,7%,7%,,3%,7%
1993-02-28,1645.9,1339.88,16953,443.38,1919.530116,,,623.5480792,5%,1%,-7%,7%,7%,,3%,7%
1993-03-31,1701.9,925.91,18591,451.67,1850.851431,,,617.9666712,5%,5%,-8%,7%,7%,,2%,7%
1993-04-30,1714.2,1358.78,20919,440.19,1735.452668,,,602.4648116,6%,1%,-9%,8%,7%,,2%,7%
1993-05-31,1768.6,935.48,20552,450.19,1727.666529,,,611.5886003,5%,5%,-9%,8%,6%,,1%,7%
1993-06-30,1766,1007.05,19590,450.53,1764.284576,,,601.8049829,5%,4%,-7%,8%,7%,,1%,7%
1993-07-31,1870.4,881.07,20380,448.13,1700.742839,,,618.2518159,5%,5%,-7%,8%,6%,,1%,7%
1993-08-31,1998.6,895.68,21027,463.56,1704.743668,,,615.848933,5%,5%,-7%,8%,5%,,0%,7%
1993-09-30,1954.6,890.27,20106,458.93,1710.677903,,,611.6630933,5%,4%,-7%,8%,5%,,1%,7%
1993-10-31,2107.6,814.74,19703,467.83,1703.698231,,,614.6373942,5%,5%,-6%,8%,5%,,1%,7%
1993-11-30,1989,984.93,16407,461.79,1703.452978,,,614.1662181,5%,4%,-5%,9%,5%,,2%,7%
1993-12-31,2153.3,833.8,17417,466.45,1734.054126,,,613.2436459,4%,6%,-5%,9%,5%,,2%,7%
1994-01-31,2288.4,770.25,20229,481.61,1773.75474,,,622.1712555,4%,8%,-6%,9%,4%,,0%,7%
1994-02-28,2154.7,770.98,19997,467.14,1834.320323,,,642.9947688,5%,8%,-6%,9%,5%,,0%,7%
1994-03-31,2019.7,704.46,19112,445.77,1809.074052,,12920.33156,640.0917823,5%,9%,-5%,10%,5%,,0%,7%
1994-04-30,2044.7,592.56,19725,450.91,1737.65003,,13064.34908,644.3578134,5%,10%,-5%,9%,5%,,1%,8%
1994-05-31,2061.4,556.26,20974,456.5,1842.333975,,13047.60954,661.6928892,5%,11%,-6%,9%,5%,,0%,7%
1994-06-30,1970.9,469.29,20644,444.27,1830.392846,,13365.04775,651.7136603,6%,12%,-5%,10%,6%,,0%,8%
1994-07-31,2043.4,333.92,20449,458.26,1787.898903,,13576.09307,664.8296899,6%,15%,-6%,9%,5%,,0%,7%
1994-08-31,2104.2,785.33,20629,475.49,1760.460112,,13450.88503,640.9809054,5%,6%,-6%,9%,5%,,0%,7%
1994-09-30,2005.6,791.15,19564,462.71,1783.074802,,13407.61677,638.0375989,6%,6%,-6%,9%,5%,,0%,7%
1994-10-31,2017.6,654.98,19990,472.35,1788.197736,,13577.13253,638.7084747,6%,7%,-6%,9%,5%,,0%,7%
1994-11-30,1868.4,683.59,19076,453.69,1832.902322,,13755.64605,644.8947137,8%,7%,-5%,10%,6%,,1%,8%
1994-12-31,1891.7,647.87,19723,459.27,1864.86356,,13358.96206,641.0006901,8%,7%,-5%,10%,6%,,1%,8%
1995-01-31,1818.9,562.59,18650,470.42,1811.607036,,13925.24048,629.1590554,8%,8%,-5%,10%,6%,,0%,8%
1995-02-28,1914.6,549.26,17053,487.39,1831.09478,,13861.17139,629.1067075,8%,9%,-4%,9%,6%,,2%,7%
1995-03-31,1899.5,646.91,16140,500.71,1854.490063,,13820.1352,631.5456322,8%,6%,-3%,9%,6%,,2%,7%
1995-04-30,2039.9,579.93,16807,514.71,1796.383537,,14061.18602,639.8464344,7%,7%,-4%,8%,6%,,2%,7%
1995-05-31,2014.2,700.51,15437,533.4,1818.798352,,14112.15986,628.4419206,7%,4%,-3%,8%,6%,,2%,7%
1995-06-30,2012.7,630.58,14517,544.75,1839.590115,,13911.04981,623.340743,8%,6%,-2%,8%,6%,,2%,7%
1995-07-31,2117.5,695.55,16678,562.06,1858.740972,,14028.23857,639.2926372,7%,5%,-3%,8%,5%,,1%,6%
1995-08-31,2131.3,723.87,18117,561.88,1885.93987,,14311.15007,639.7684871,8%,5%,-4%,8%,6%,,0%,6%
1995-09-30,2126.6,722.43,17913,584.41,1906.927013,,14367.83958,644.6624487,8%,5%,-3%,8%,6%,,0%,6%
1995-10-31,2063.3,717.31,17655,581.5,1938.621182,,14477.21123,639.6738452,8%,4%,-3%,8%,6%,,0%,6%
1995-11-30,2147.6,641.13,18744,605.37,1985.092666,,14819.36249,633.5940567,8%,6%,-2%,8%,5%,,0%,6%
1995-12-31,2188.5,555.29,19868,615.93,1993.157579,,14614.5855,629.7985331,8%,8%,-2%,7%,5%,,0%,6%
1996-01-31,2261,537.35,20813,636.02,1999.717442,,14884.31206,638.030286,8%,9%,-2%,7%,5%,,-1%,6%
1996-02-29,2263.7,552.93,20125,640.43,2065.518211,,15154.0159,636.2805069,8%,9%,-2%,7%,5%,,0%,6%
1996-03-31,2198.1,556.39,21407,645.5,2123.65868,,15325.87528,633.5408222,9%,9%,-2%,7%,6%,,-1%,6%
1996-04-30,2285.7,681.16,22041,654.17,2131.514004,,15540.18665,632.7121265,9%,8%,-3%,7%,6%,,-1%,6%
1996-05-31,2235.9,643.65,21956,669.12,2139.983233,,16092.38965,631.7484723,8%,10%,-3%,7%,5%,,-1%,6%
1996-06-30,2207.6,804.25,22531,670.63,2162.955686,,16580.85901,632.1237666,9%,8%,-4%,7%,6%,,-1%,6%
1996-07-31,2147.4,822.48,20693,639.95,2173.849399,,15844.08621,638.7293919,9%,7%,-3%,7%,6%,,-1%,6%
1996-08-31,2230.1,809.94,20167,651.99,2229.13615,,16094.00102,638.1045969,9%,7%,-2%,7%,6%,,-1%,6%
1996-09-30,2249.9,875.52,21556,687.33,2260.792595,,15164.52167,638.3529195,9%,7%,-3%,7%,6%,,-1%,6%
1996-10-31,2320.7,976.71,20467,705.27,2327.01914,,15074.78534,640.8081318,9%,7%,-2%,7%,5%,,-1%,6%
1996-11-30,2361.4,1032.95,21020,757.02,2365.836624,,15864.46251,642.76053,9%,7%,-3%,6%,5%,,-1%,5%
1996-12-31,2404.8,917.02,19361,740.74,2404.508443,,15708.88963,642.2262491,9%,11%,-1%,7%,5%,,-1%,5%
1997-01-31,2406.6,964.74,18330,786.16,2435.550196,,15912.43915,652.6082547,9%,11%,-1%,6%,5%,,0%,5%
1997-02-28,2422.9,1040.27,18557,790.82,2484.235919,,16378.25048,659.7723684,9%,11%,-1%,6%,5%,,0%,5%
1997-03-31,2396.3,1234.62,18003,757.12,2548.396882,,16514.1208,663.7481459,10%,10%,0%,6%,5%,,0%,5%
1997-04-30,2453.9,1393.75,19151,801.34,2555.594946,,16985.03425,666.3449048,10%,11%,-1%,6%,5%,,0%,5%
1997-05-31,2574.9,1285.18,20069,848.28,2571.747346,,18067.99023,670.0624198,9%,12%,-1%,6%,5%,,-1%,5%
1997-06-30,2693.1,1250.27,20605,885.14,2574.952162,,18025.11501,671.7499277,9%,12%,-1%,5%,5%,,-1%,5%
1997-07-31,2695.4,1189.76,20331,954.31,2709.195744,,18419.15027,682.3929425,9%,14%,-2%,4%,4%,,-1%,4%
1997-08-31,2548.8,1221.06,18229,899.47,2764.602002,,18977.24965,686.1542863,9%,16%,-1%,5%,5%,,0%,5%
1997-09-30,2723.7,1097.38,17888,947.28,2869.275109,,19127.30366,683.1200194,9%,18%,-1%,5%,4%,,0%,4%
1997-10-31,2429.5,1180.39,16459,914.62,2525.745305,,18265.27999,670.2340363,11%,18%,0%,5%,5%,,0%,5%
1997-11-30,2439.6,1139.63,16633,955.4,2533.25474,,17850.25668,676.4691039,10%,16%,-1%,4%,5%,,0%,4%
1997-12-31,2579.5,1194.1,15259,970.43,2499.194847,,17676.60806,678.3580651,10%,16%,0%,4%,5%,,0%,4%
1998-01-31,2611.5,1222.91,16628,980.28,2500.806179,,18569.10973,688.5486851,8%,14%,-2%,3%,4%,,1%,4%
1998-02-28,2630.3,1206.53,16832,1049.34,2548.41491,,19012.61767,691.6063603,8%,14%,-2%,2%,4%,,0%,4%
1998-03-31,2688.5,1243.02,16527,1101.75,2610.369677,,19390.60845,691.7138663,7%,11%,-3%,2%,4%,,0%,4%
1998-04-30,2712.9,1343.45,15641.26,1111.75,2590.638678,,20237.45563,703.0377847,8%,11%,-1%,2%,4%,,0%,4%
1998-05-31,2655.1,1411.21,15670.78,1090.82,2615.44372,,20675.11451,705.7158607,8%,9%,-1%,3%,4%,,0%,4%
1998-06-30,2620.6,1339.2,15830.27,1133.84,2665.680588,,20706.94739,702.6400173,7%,7%,-2%,1%,4%,,0%,4%
1998-07-31,2661.9,1316.92,16378.97,1120.67,2683.494845,,20802.84178,718.450025,7%,8%,-2%,1%,4%,,-1%,4%
1998-08-31,2423.7,1150.22,14107.89,957.28,2688.761137,,20675.09992,718.9968813,8%,8%,-1%,3%,4%,,-1%,4%
1998-09-30,2497.7,1242.9,13406.39,1017.01,2772.943532,,20972.73626,718.1590923,6%,6%,-2%,1%,4%,,1%,4%
1998-10-31,2548.1,1217.32,13564.51,1098.67,2806.414482,,20890.75773,724.6513232,5%,4%,-4%,-1%,4%,,1%,4%
1998-11-30,2669.7,1247.42,14883.7,1163.63,2877.780988,,21577.64362,727.7496803,3%,4%,-5%,-3%,4%,,0%,4%
1998-12-31,2697,1146.7,13842.17,1229.23,2877.050074,,21786.93805,729.5637936,3%,5%,-4%,-3%,4%,,0%,4%
1999-01-31,2751.4,1134.67,14499.25,1279.64,2885.822932,,22540.46946,740.8666524,2%,6%,-6%,-4%,3%,,0%,3%
1999-02-28,2742.2,1090.09,14367.54,1238.33,2996.766706,,22865.63129,744.2945855,2%,7%,-6%,-5%,4%,,0%,3%
1999-03-31,2843.3,1158.05,15836.59,1286.37,3073.945853,,23362.67316,746.1472838,2%,7%,-6%,-5%,3%,,-1%,3%
1999-04-30,3016.3,1120.93,16701.53,1335.18,3014.590036,,24070.34234,755.8809685,2%,8%,-6%,-4%,3%,,-1%,3%
1999-05-31,2823.9,1279.33,16111.65,1301.84,2995.812615,,24538.1091,761.8571979,3%,7%,-5%,-3%,3%,,-1%,3%
1999-06-30,2886.1,1689.43,17529.74,1372.71,2983.554572,,24317.37967,761.0537573,3%,6%,-5%,-4%,3%,,-3%,3%
1999-07-31,2936.4,1601.46,17861.86,1328.72,2989.702829,,25089.01605,780.7403817,4%,8%,-5%,-3%,3%,,-3%,3%
1999-08-31,2852.5,1627.12,17436.56,1320.41,3043.007473,,24932.6347,785.0150697,5%,5%,-5%,-3%,3%,,-3%,3%
1999-09-30,2805.2,1570.7,17605.46,1282.71,3120.852155,,25592.56956,781.5463703,5%,6%,-5%,-2%,3%,,-3%,4%
1999-10-31,2809.4,1504.56,17942.08,1362.93,3081.288175,,25560.46524,778.1210186,5%,7%,-6%,-3%,3%,,-3%,3%
1999-11-30,2949.1,1434.97,18558.23,1388.91,3159.363513,,26384.14208,783.9781309,5%,8%,-7%,-2%,3%,,-3%,3%
1999-12-31,3108.8,1366.58,18934.34,1469.25,3099.701703,,27513.03092,788.7012716,5%,9%,-6%,-3%,3%,,-3%,3%
2000-01-31,3085.7,1535,19539.7,1394.46,3106.027001,,27137.75036,786.4831602,4%,7%,-6%,-3%,3%,,-3%,3%
2000-02-29,3133.4,1714.58,19959.52,1366.42,3146.649663,,26227.47985,790.4698031,4%,6%,-7%,-2%,3%,,-3%,3%
2000-03-31,3133.3,1800.22,20337.32,1498.58,3245.26471,,24699.63224,797.6001101,5%,6%,-6%,-2%,3%,,-3%,3%
2000-04-30,3085.1,1836.32,17973.7,1452.43,3031.18068,,24464.56866,784.7873722,5%,5%,-5%,-2%,3%,,-3%,3%
2000-05-31,3040.6,1894.55,16332.45,1420.6,3162.622883,,25968.05565,808.2735486,4%,3%,-5%,-3%,3%,,-3%,3%
2000-06-30,3257.6,1928.11,17411.05,1454.6,3121.189655,,26129.12514,804.2001041,3%,2%,-6%,-3%,3%,,-4%,3%
2000-07-31,3213.6,2023.54,15727.49,1430.83,3131.367614,,26143.38771,813.5329932,3%,3%,-5%,-3%,3%,,-3%,4%
2000-08-31,3261.7,2021.2,16861.26,1517.68,3137.694149,,23631.27622,806.4900423,3%,3%,-6%,-4%,3%,,-4%,3%
2000-09-30,3246.1,1910.16,15747.26,1436.51,3203.913642,,22569.30273,809.9246346,4%,3%,-5%,-2%,3%,,-3%,4%
2000-10-31,3203.9,1961.29,14539.6,1429.4,3127.159958,,24064.77794,816.9708154,4%,4%,-4%,-2%,3%,,-3%,4%
2000-11-30,3222,2070.61,14648.51,1314.95,3089.397473,,23280.60062,823.2741571,4%,3%,-4%,-1%,3%,,-3%,4%
2000-12-31,3154.7,2073.48,13785.69,1320.28,2996.099627,,24856.67795,846.1418479,4%,3%,-3%,0%,3%,,-3%,4%
2001-01-31,3291.5,2065.61,13843.55,1366.01,3162.491443,,23263.13781,830.2944726,4%,3%,-3%,-1%,3%,,-3%,4%
2001-02-28,3274.1,1959.18,12883.54,1239.94,3177.731286,,24263.8679,833.6490278,4%,4%,-2%,1%,3%,,-3%,5%
2001-03-31,3096.9,2112.78,12999.7,1160.33,3416.614997,,24163.15348,854.8433791,5%,3%,-3%,1%,3%,,-3%,5%
2001-04-30,3270.3,2119.18,13934.32,1249.46,3172.413312,,24226.93741,837.7280002,4%,3%,-3%,1%,4%,,-3%,5%
2001-05-31,3317.2,2214.26,13262.14,1255.82,3084.827134,,23792.36909,840.601918,4%,2%,-3%,1%,3%,,-3%,4%
2001-06-30,3425.2,2218.03,12969.05,1224.38,3128.620455,,23015.39823,835.2022018,3%,2%,-3%,1%,3%,,-3%,5%
2001-07-31,3270.8,1920.32,11860.77,1211.23,3087.70366,,23350.80183,845.6582142,3%,3%,-2%,1%,3%,,-3%,5%
2001-08-31,3217.8,1834.14,10713.51,1133.58,3092.682334,,22680.52351,845.7192319,3%,3%,-2%,1%,4%,,-3%,5%
2001-09-30,2988,1764.87,9774.68,1040.94,3096.791932,,23468.7502,844.4002874,3%,3%,-1%,1%,4%,,-2%,6%
2001-10-31,3185.3,1689.17,10366.34,1059.78,3021.11915,,24118.0068,844.9254087,3%,4%,-1%,2%,4%,,-2%,6%
2001-11-30,3276.9,1747.99,10697.44,1139.45,3066.517227,,23178.52732,839.6157321,2%,3%,-2%,1%,3%,,-2%,5%
2001-12-31,3360,1645.97,10542.62,1148.08,3153.822164,,23682.65737,937.0506995,2%,3%,-2%,1%,3%,,-2%,5%
2002-01-31,3404,1491.66,9997.8,1130.2,3097.27724,,23742.3362,853.505035,2%,4%,-1%,2%,3%,,-2%,5%
2002-02-28,3358.6,1524.7,10587.83,1106.73,3147.975259,,24050.56126,849.1090798,3%,5%,-1%,2%,3%,,-2%,5%
2002-03-31,3363.3,1603.9,11024.94,1147.39,3230.048828,,23516.88375,844.1004931,3%,4%,-1%,2%,4%,,-2%,5%
2002-04-30,3299.5,1667.75,11492.54,1076.92,3156.600048,,22588.46255,858.6075621,3%,4%,-2%,3%,4%,,-3%,5%
2002-05-31,3325.1,1515.73,11763.7,1067.14,3156.34532,,22944.68977,855.4733003,2%,5%,-3%,2%,4%,,-3%,6%
2002-06-30,3163.2,1732.76,10621.84,989.82,3194.278941,,22520.87246,853.1034334,3%,3%,-2%,3%,4%,,-4%,6%
2002-07-31,3032.6,1651.59,9877.94,911.62,3163.722084,,22595.94949,866.7381479,4%,2%,-1%,4%,5%,,-4%,7%
2002-08-31,3073.7,1666.62,9619.3,916.07,3043.038524,,25564.89484,847.6796678,4%,2%,-1%,4%,4%,,-3%,7%
2002-09-30,2928.3,1581.62,9383.29,815.28,3152.945897,,22751.01284,868.5624206,4%,3%,-1%,6%,5%,,-3%,8%
2002-10-31,2995,1507.5,8640.48,885.76,3058.263109,,22315.25664,873.5615091,4%,3%,0%,5%,5%,,-3%,7%
2002-11-30,3025.2,1434.18,9215.56,936.31,3090.583131,,22619.70732,882.8748229,4%,3%,0%,4%,5%,,-3%,7%
2002-12-31,2975.5,1357.65,8578.95,879.82,3322.525066,,21797.06881,893.677703,5%,5%,2%,5%,5%,,-3%,7%
2003-01-31,2935.4,1499.82,8339.94,855.7,3110.341764,,22412.48807,888.289367,5%,5%,3%,6%,5%,,-3%,8%
2003-02-28,2778.4,1511.93,8363.04,841.15,3185.980499,,22510.45458,885.4511033,6%,5%,3%,6%,6%,,-2%,8%
2003-03-31,2848.6,1510.58,7972.71,848.18,3322.899986,,22370.17627,891.9090613,6%,4%,5%,6%,5%,,-2%,8%
2003-04-30,2970.9,1521.44,7831.42,916.92,3323.911342,,25295.82706,877.6402883,6%,4%,6%,6%,5%,,-2%,7%
2003-05-31,2979.8,1576.26,8424.51,963.59,3306.964838,,22016.15387,899.6549923,5%,4%,5%,5%,5%,,-2%,7%
2003-06-30,2999.7,1486.02,9083.11,974.5,3369.0197,,21547.85085,900.6302553,5%,3%,4%,5%,5%,,-4%,7%
2003-07-31,3106.7,1476.74,9563.21,993.32,3364.213264,,21492.42037,906.0137187,5%,3%,4%,5%,5%,,-4%,7%
2003-08-31,3202.9,1421.98,10343.55,1008.01,3411.284737,,21885.23059,913.3876661,5%,4%,3%,5%,5%,,-4%,7%
2003-09-30,3176.2,1367.16,10219.05,995.97,3305.892949,,21533.83445,914.7484575,5%,5%,4%,5%,5%,,-4%,7%
2003-10-31,3282.4,1348.3,10559.59,1050.71,3288.920978,,20711.52881,927.6984162,5%,5%,3%,5%,4%,,-4%,6%
2003-11-30,3195.7,1397.22,10100.57,1058.2,3294.256085,,19872.40273,923.1645075,5%,5%,4%,5%,5%,,-4%,6%
2003-12-31,3306,1497.04,10676.64,1111.92,3563.540019,,21160.13859,933.1024407,5%,4%,4%,5%,5%,,-3%,7%
2004-01-31,3283.6,1590.73,10783.61,1131.13,3446.984827,,21154.45821,931.6102258,5%,2%,3%,5%,4%,,-4%,6%
2004-02-29,3372.5,1675.07,11041.92,1144.94,3438.24751,,20862.28554,921.9065664,5%,2%,3%,5%,4%,,-4%,6%
2004-03-31,3416.2,1741.62,11715.39,1126.21,3287.846107,,19962.57549,883.3398265,5%,2%,2%,5%,4%,,-4%,6%
2004-04-30,3407.7,1595.59,11761.79,1107.3,3485.412256,,21652.84367,930.1162958,5%,2%,2%,5%,4%,,-4%,6%
2004-05-31,3456.9,1555.91,11236.37,1120.68,3419.814547,,21077.89614,923.5780695,5%,3%,3%,6%,4%,,-3%,6%
2004-06-30,3530.3,1399.16,11858.87,1140.84,3434.107666,,20912.35798,921.3261048,4%,4%,2%,6%,4%,,-4%,6%
2004-07-31,3546.1,1386.2,11325.78,1101.72,3436.999014,,20982.53318,935.4172316,5%,5%,3%,6%,4%,,-4%,7%
2004-08-31,3561.9,1342.06,11081.79,1104.24,3444.498326,,21032.62841,946.5617982,5%,5%,3%,6%,4%,,-4%,7%
2004-09-30,3674.7,1396.7,10823.57,1114.58,3418.742955,,20446.8463,941.5888044,4%,5%,4%,6%,4%,,-3%,7%
2004-10-31,3786.3,1320.54,10771.42,1130.2,3379.289807,,20875.57055,968.2365256,4%,6%,4%,6%,4%,14%,-3%,7%
2004-11-30,3942.8,1340.77,10899.25,1173.82,3320.147263,,20190.91555,948.0773297,3%,7%,5%,6%,3%,12%,-3%,6%
2004-12-31,4053.1,1266.5,11488.76,1211.92,3358.351969,,20944.33798,960.1017882,3%,10%,4%,5%,3%,13%,-3%,6%
2005-01-31,4106.7,1191.82,11387.59,1181.27,3261.96399,,19503.14235,973.8670764,3%,10%,4%,5%,3%,13%,-3%,6%
2005-02-28,4156.5,1306,11740.6,1203.6,3431.96862,,19967.98925,971.8537452,4%,10%,5%,6%,3%,11%,-3%,6%
2005-03-31,4100.6,1181.24,11668.95,1180.59,3482.182349,,19274.48774,983.2621634,4%,12%,5%,6%,3%,13%,-3%,6%
2005-04-30,3943.1,1159.15,11008.9,1156.85,3520.645415,,19659.72904,999.9299689,4%,14%,6%,6%,3%,12%,-3%,7%
2005-05-31,4070.4,1060.74,11276.59,1191.5,3519.276965,,18449.75514,1015.925687,4%,16%,6%,6%,3%,12%,-2%,6%
2005-06-30,4229.89,1080.94,11584.01,1191.33,3557.975663,,17979.76336,1022.156471,3%,15%,6%,6%,3%,10%,-3%,6%
2005-07-31,4346.7,1083.03,11899.6,1234.18,3607.966499,,18596.30156,1042.684154,3%,13%,6%,5%,3%,9%,-3%,6%
2005-08-31,4413.5,1162.8,12413.6,1220.33,3649.06839,,19040.44398,1048.2748,2%,11%,4%,5%,3%,8%,-3%,6%
2005-09-30,4592.6,1155.61,13574.3,1228.81,3645.851147,,18425.6346,1061.612784,1%,10%,3%,5%,3%,8%,-3%,6%
2005-10-31,4412.7,1092.82,13606.5,1207.01,3586.93736,,18455.25716,1067.738736,2%,12%,3%,6%,3%,9%,-3%,7%
2005-11-30,4583.6,1099.26,14872.15,1249.48,3656.07575,,18766.24898,1090.725601,1%,12%,3%,5%,3%,8%,-3%,6%
2005-12-31,4708.8,1161.06,16111.43,1248.29,3716.01991,,19952.05458,1109.496695,1%,12%,2%,5%,3%,8%,-3%,6%
2006-01-31,4880.2,1258.05,16649.82,1280.08,3752.586754,,19642.41063,1113.041125,0%,8%,1%,4%,3%,6%,-3%,7%
2006-02-28,4878.4,1299.03,16205.43,1280.66,3788.423363,,19388.07391,1125.346074,0%,8%,0%,4%,2%,5%,-3%,6%
2006-03-31,5087.2,1298.3,17059.66,1294.83,3810.925879,,19916.97627,1129.137875,0%,9%,0%,5%,2%,5%,-3%,6%
2006-04-30,5207,1440.22,16906.23,1310.61,3946.763562,,20500.90928,1155.069487,0%,7%,0%,5%,2%,5%,-3%,6%
2006-05-31,4972.3,1641.3,15467.33,1270.09,3726.296371,,19532.27119,1179.310554,1%,6%,1%,5%,2%,5%,-3%,6%
2006-06-30,5034,1672.21,15505.18,1270.2,3855.50931,,19932.61469,1161.506636,1%,6%,0%,5%,2%,4%,-3%,7%
2006-07-31,4957.1,1612.73,15456.81,1276.66,3851.267234,,19205.21985,1153.655025,1%,6%,1%,5%,3%,4%,-3%,7%
2006-08-31,5079.8,1658.64,16140.76,1303.82,3882.311193,,19120.01038,1163.463291,1%,6%,0%,5%,2%,3%,-3%,7%
2006-09-30,5113,1752.42,16127.58,1335.85,3877.963018,,19461.06683,1188.129563,1%,6%,0%,5%,3%,3%,-2%,6%
2006-10-31,5352.9,1837.99,16399.39,1377.94,3797.48985,,19014.71665,1213.155211,0%,5%,1%,4%,2%,2%,-2%,6%
2006-11-30,5461.6,2099.29,16274.33,1400.63,3885.861115,,19199.82015,1256.454414,0%,4%,1%,5%,2%,1%,-2%,6%
2006-12-31,5644.3,2675.47,17225.83,1418.3,3949.337963,,17748.30852,1230.112765,0%,1%,1%,5%,2%,0%,-2%,6%
2007-01-31,5757.7,2786.34,17383.42,1438.24,3939.659762,,18306.28743,1278.371953,0%,1%,1%,5%,2%,1%,-2%,6%
2007-02-28,5816.5,2881.07,17604.12,1406.82,3967.932714,,18283.96608,1291.695226,0%,1%,1%,5%,2%,1%,-2%,6%
2007-03-31,5978.8,3183.98,17287.65,1420.86,3956.10734,,17789.74395,1238.613629,0%,0%,1%,5%,2%,1%,-2%,6%
2007-04-30,6158.3,3841.27,17400.41,1482.37,4086.313256,,19015.99652,1355.564722,0%,-2%,1%,5%,2%,0%,-2%,6%
2007-05-31,6341.8,4109.65,17875.75,1530.62,4040.007234,,18928.74994,1350.870821,-1%,-3%,1%,5%,2%,0%,-2%,6%
2007-06-30,6310.6,3820.7,18138.36,1503.35,4267.328418,,19269.41039,1411.468845,-1%,-2%,1%,5%,2%,-1%,-2%,6%
2007-07-31,6187.5,4471.03,17248.89,1455.27,4091.024351,,18441.52202,1446.344674,-1%,-3%,1%,5%,2%,-2%,-2%,6%
2007-08-31,6248.3,5218.82,16569.09,1473.99,4046.103259,,17441.79319,1410.028035,-1%,-4%,2%,5%,2%,-2%,-2%,6%
2007-09-30,6580.9,5552.3,16785.69,1526.75,4077.768351,,17142.53055,1450.696185,-1%,-5%,2%,5%,2%,-3%,-2%,6%
2007-10-31,6779.1,5954.77,16737.63,1549.38,3882.710049,,17044.04788,1432.023872,-1%,-5%,3%,5%,2%,-4%,-1%,6%
2007-11-30,6593.6,4871.78,15680.67,1481.14,3936.180988,,17220.9111,1468.786009,-1%,-4%,4%,6%,2%,-3%,-1%,6%
2007-12-31,6421,5261.56,15307.78,1468.36,4146.021605,,15822.77708,1490.837964,0%,-5%,4%,6%,2%,-3%,-1%,6%
2008-01-31,5697,4383.39,13592.47,1378.55,4012.019979,,17734.39469,1497.466228,1%,-2%,5%,7%,3%,-1%,0%,7%
2008-02-29,5674.7,4348.54,13603.02,1330.63,3971.196567,,17103.99142,1548.289766,1%,-3%,5%,7%,3%,-2%,1%,7%
2008-03-31,5409.7,3472.71,12525.54,1322.7,4005.880736,,17035.61369,1590.562961,1%,-1%,6%,7%,4%,-1%,1%,7%
2008-04-30,5657,3693.11,13849.99,1385.59,4042.245954,,16122.5617,1609.307403,1%,-2%,5%,7%,3%,-2%,0%,7%
2008-05-31,5773.9,3433.35,14338.54,1400.38,4002.106427,,15647.60032,1593.874796,1%,-1%,4%,7%,3%,-1%,1%,7%
2008-06-30,5332.9,2736.1,13481.38,1280,3942.391234,,15309.53658,1629.220389,2%,0%,5%,8%,4%,-1%,1%,8%
2008-07-31,5052.6,2775.72,13376.81,1267.38,3977.588835,,15399.39707,1625.151345,2%,0%,5%,8%,4%,-1%,1%,8%
2008-08-31,5215.5,2397.37,13072.87,1282.83,3627.353597,,13283.95447,1391.855915,2%,1%,6%,9%,4%,0%,2%,8%
2008-09-30,4631.3,2293.78,11259.86,1166.36,3820.212551,,14654.57219,1545.019427,3%,2%,8%,10%,5%,2%,4%,9%
2008-10-31,3982.7,1728.79,8576.98,968.75,3734.836257,,14775.45287,1617.395955,4%,4%,10%,11%,6%,6%,6%,11%
2008-11-30,3672.7,1871.16,8512.27,896.24,3831.030092,,14954.45443,1668.265934,5%,3%,10%,12%,7%,5%,8%,12%
2008-12-31,3659.3,1820.81,8859.56,903.25,3858.105513,,13930.41501,1761.61509,5%,3%,8%,11%,7%,4%,8%,11%
2009-01-31,3478.1,1990.66,7994.05,825.88,3851.298079,,14676.68885,1761.511373,5%,3%,10%,13%,8%,5%,9%,12%
2009-02-28,3296.9,2082.85,7568.42,735.09,3887.767089,,14451.3685,1731.687244,7%,4%,11%,14%,8%,6%,9%,14%
2009-03-31,3532.3,2373.21,8109.53,797.87,3975.727961,,14499.1059,1771.567353,6%,3%,10%,14%,8%,4%,8%,13%
2009-04-30,3744.7,2477.57,8828.26,872.81,4202.086854,,15250.88431,1842.442841,6%,2%,10%,13%,7%,3%,6%,11%
2009-05-31,3813.3,2632.93,9522.5,919.14,3950.698597,,13942.52388,1798.839669,5%,1%,8%,12%,7%,2%,6%,11%
2009-06-30,3947.8,2959.36,9958.44,919.32,4013.272591,,13488.49624,1864.583538,5%,0%,8%,12%,6%,1%,5%,11%
2009-07-31,4249.5,3412.06,10356.83,987.48,4063.103391,,13352.75313,1837.665563,5%,-2%,8%,12%,6%,0%,5%,10%
2009-08-31,4484.1,2667.74,10492.53,1020.62,4022.034899,,13373.56857,1839.195248,4%,1%,7%,11%,6%,1%,5%,10%
2009-09-30,4739.3,2779.43,10133.23,1057.08,3943.535821,,13370.3555,1815.461088,4%,0%,8%,11%,5%,1%,5%,9%
2009-10-31,4646.9,2995.85,10034.74,1036.19,3945.181372,,13458.34852,1894.025682,4%,0%,9%,11%,5%,0%,5%,9%
2009-11-30,4715.48,3195.3,9345.55,1095.63,4034.298479,,13723.93494,1918.005415,4%,-1%,10%,11%,5%,0%,6%,9%
2009-12-31,4882.71,3277.14,10546.44,1115.1,4252.818423,,13978.26075,2028.642893,3%,-1%,8%,11%,5%,0%,6%,9%
2010-01-31,4596.88,2989.29,10198.04,1073.87,4258.767914,,14046.54884,1923.771204,4%,0%,9%,12%,5%,1%,5%,9%
2010-02-28,4651.11,3051.94,10126.03,1104.49,4309.202967,,14325.13729,1913.667665,3%,-1%,8%,10%,5%,0%,6%,9%
2010-03-31,4893.06,3109.11,11089.94,1169.43,4309.06541,,14514.28821,2023.219942,0%,-1%,5%,8%,5%,0%,4%,8%
2010-04-30,4833.88,2870.61,11057.4,1186.69,4221.444298,,12958.54063,1996.326239,1%,0%,6%,9%,5%,0%,4%,8%
2010-05-31,4453.59,2592.15,9768.7,1089.41,4237.064032,,11977.62231,1987.673972,3%,1%,8%,11%,5%,1%,4%,8%
2010-06-30,4324.77,2398.37,9382.64,1030.71,4347.273077,,11877.4692,2020.734003,3%,2%,9%,12%,6%,1%,6%,10%
2010-07-31,4507.4,2637.5,9537.3,1101.6,4382.029969,,11031.40418,2020.732068,3%,2%,9%,11%,5%,1%,6%,9%
2010-08-31,4438.8,2638.8,8824.06,1049.33,4382.435113,,11634.05303,2104.90691,3%,3%,10%,13%,6%,1%,8%,10%
2010-09-30,4636.9,2655.66,9369.35,1141.2,4293.431173,,11065.40603,2037.608687,3%,2%,9%,11%,5%,1%,7%,9%
2010-10-31,4733.4,2978.83,9202.45,1183.26,4367.719487,,10402.13463,2048.203557,3%,1%,10%,11%,5%,1%,7%,8%
2010-11-30,4676.4,2820.18,9937.04,1180.55,4448.068882,,10582.86332,1960.081134,4%,2%,10%,12%,6%,1%,7%,8%
2010-12-31,4846.9,2808.08,10228.92,1257.64,4414.789345,,10221.35158,1970.536117,4%,2%,10%,12%,6%,1%,7%,8%
2011-01-31,4850,2790.69,10237.92,1286.12,4461.928945,,10295.90464,2012.901786,4%,2%,10%,11%,5%,1%,6%,8%
2011-02-28,4922.6,2905.05,10624.09,1327.22,4475.648801,,9728.83407,1926.468578,3%,2%,11%,11%,5%,1%,6%,8%
2011-03-31,4928.6,2928.11,9755.1,1325.83,4366.725426,,9606.755304,1864.569472,4%,2%,12%,12%,5%,1%,7%,8%
2011-04-30,4899,2911.51,9849.74,1363.61,4646.983661,,10270.02034,2018.887279,4%,2%,11%,12%,5%,1%,7%,8%
2011-05-31,4788.9,2743.47,9693.73,1345.2,4526.693195,,9929.699566,1944.784782,4%,3%,12%,12%,5%,1%,7%,8%
2011-06-30,4659.8,2762.08,9816.09,1320.64,4609.819358,,9364.970677,1924.507055,5%,3%,11%,13%,6%,2%,6%,8%
2011-07-31,4500.5,2701.73,9833.03,1292.28,4583.421051,,8808.079828,1923.32057,5%,2%,11%,13%,6%,2%,7%,8%
2011-08-31,4369.9,2567.34,8955.2,1218.89,4577.470102,,8219.22006,1873.813025,6%,3%,12%,14%,6%,3%,9%,9%
2011-09-30,4070.1,2359.22,8700.29,1131.42,4463.569387,,7933.946164,1801.070823,6%,4%,13%,14%,8%,6%,8%,10%
2011-10-31,4360.5,2468.25,8988.39,1253.3,4517.386176,,8237.320057,1832.891447,6%,4%,12%,14%,7%,4%,8%,9%
2011-11-30,4184.7,2333.41,8434.61,1246.96,4585.838718,,8389.545389,1877.23308,6%,4%,13%,14%,7%,6%,10%,9%
2011-12-31,4111,2199.42,8455.35,1257.6,4703.412861,,8383.279712,1890.411551,7%,5%,13%,14%,8%,5%,10%,9%
2012-01-31,4325.7,2292.61,8802.51,1312.41,4701.795628,,8102.099466,1883.502948,5%,4%,12%,13%,7%,4%,9%,8%
2012-02-29,4388.1,2428.49,9723.24,1365.68,4725.533644,,8365.461144,1877.11173,5%,4%,11%,12%,7%,3%,8%,8%
2012-03-31,4420,2262.79,10083.56,1408.47,4760.668566,,8657.969078,1943.740832,6%,4%,11%,12%,7%,4%,7%,8%
2012-04-30,4467.2,2396.32,9520.89,1397.91,4683.273997,,8806.200418,1795.698873,6%,2%,11%,11%,7%,4%,7%,8%
2012-05-31,4133.7,2372.23,8542.73,1310.33,4849.14583,,8832.865095,1866.504197,6%,3%,12%,12%,7%,6%,10%,9%
2012-06-30,4135.5,2225.43,9006.78,1362.16,4760.422002,,7230.019608,1823.894748,5%,4%,11%,11%,7%,6%,10%,9%
2012-07-31,4289.4,2103.63,8695.06,1379.32,4760.030372,,6903.239305,1777.74011,5%,4%,12%,12%,7%,6%,11%,8%
2012-08-31,4339,2047.52,8839.91,1406.58,4763.272633,,6755.44756,1793.596437,5%,5%,12%,11%,7%,7%,11%,8%
2012-09-30,4406.3,2086.17,8870.16,1440.67,4713.991499,,6733.946569,1745.403726,4%,4%,11%,10%,7%,7%,11%,8%
2012-10-31,4535.4,2068.88,8928.29,1412.16,4702.697096,,6382.036816,1783.981511,,,,,7%,6%,10%,8%
2012-11-30,4518,1980.12,9446.01,1416.18,4751.84278,,6856.354658,1820.347096,,,,,7%,6%,10%,8%
2012-12-31,4664.6,2269.13,10395.18,1426.19,4675.449904,,6505.187895,1712.023955,,,,,7%,5%,10%,8%
2013-01-31,4901,2385.42,11138.66,1498.11,4756.559575,,6402.445721,1764.74547,,,,,6%,4%,7%,8%
2013-02-28,5120.4,2365.59,11559.36,1514.68,4826.044523,,6584.450724,1817.106663,,,,,5%,5%,7%,8%
2013-03-31,4979.9,2236.62,12397.91,1569.19,4808.094144,,6368.691814,1819.406824,,,,,6%,6%,7%,8%
2013-04-30,5168.6,2177.91,13860.86,1597.57,4854.001451,,6264.198116,1861.768253,,,,,5%,6%,4%,8%
2013-05-31,4914,2300.59,13774.54,1630.74,4941.832635,,7105.631492,1882.612164,,,,,6%,6%,5%,7%
2013-06-30,4775.4,1979.21,13677.32,1606.28,4932.522679,,6279.429925,1886.063527,,,,,6%,8%,5%,8%
2013-07-31,5035.7,1993.8,13668.32,1685.73,5012.789218,,6480.669375,1908.26206,,,,,5%,7%,5%,7%
2013-08-31,5125.3,2098.38,13388.86,1632.97,5038.314553,,6874.422951,1930.825189,,,,,5%,7%,6%,8%
2013-09-30,5217.7,2174.66,14455.8,1681.55,4999.934068,,6867.771602,1920.733984,,,,,6%,7%,5%,7%
2013-10-31,5420.3,2141.61,14327.94,1756.54,5034.373198,,7023.836177,1967.033903,,,,,5%,7%,5%,7%
2013-11-30,5314.3,2220.5,15661.87,1805.81,5060.171804,,7046.331838,1984.880327,,,,,5%,6%,5%,7%
2013-12-31,5353.1,2115.98,16291.31,1848.36,5234.858806,,7560.96209,2086.269846,,,,,5%,7%,5%,7%
2014-01-31,5205.1,2033.08,14914.53,1782.59,5085.067012,,7472.628337,2050.030196,,,,,5%,7%,4%,7%
2014-02-28,5415.4,2056.3,14841.07,1859.45,5139.48979,,7610.448826,2079.758179,,,,,5%,7%,6%,7%
2014-03-31,5403,2033.31,14827.83,1872.34,5175.021612,,7814.165615,2065.645089,,,,,6%,7%,6%,7%
2014-04-30,5470.8,2026.36,14304.11,1883.95,5174.120462,,7838.53114,2067.936919,,,,,5%,8%,6%,7%
2014-05-31,5473.8,2039.21,14632.38,1923.57,5268.135405,,7948.37011,2097.516202,,,,,5%,8%,6%,7%
2014-06-30,5382,2048.33,15162.1,1960.23,5178.004749,,7957.72775,2103.42842,,,,,6%,8%,5%,7%
2014-07-31,5623.1,2201.56,15620.77,1930.67,5239.577569,,7776.387382,2095.208994,,,,,5%,7%,5%,7%
2014-08-31,5624.6,2217.2,15424.59,2003.37,5205.462893,,7670.682412,2117.10463,,,,,5%,7%,6%,6%
2014-09-30,5296.8,2363.87,16173.52,1972.29,5343.159604,,7734.964971,2113.637609,,,,,6%,8%,5%,7%
2014-10-31,5505,2420.18,16413.76,2018.05,5395.419244,5052.367176,7744.176458,2139.629326,,,,,5%,8%,5%,6%
2014-11-30,5298.1,2682.83,17459.85,2067.56,5513.522915,4252.363842,8170.004779,2182.751898,,,,,6%,8%,4%,6%
2014-12-31,5388.6,3234.68,17450.77,2058.9,5669.301136,4186.100817,8739.510603,2259.727127,,,,,6%,7%,4%,6%
2015-01-31,5551.6,3210.36,17674.39,1994.99,5565.901436,3997.5662,8497.345954,2210.973296,,,,,5%,7%,5%,6%
2015-02-28,5898.5,3310.3,18797.94,2104.5,5553.582254,3865.890796,8689.896295,2227.414657,,,,,5%,6%,4%,6%
2015-03-31,5861.9,3747.9,19206.99,2067.89,5705.509743,3994.952132,8688.982109,2208.490149,,,,,5%,6%,4%,6%
2015-04-30,5773.7,4441.66,19520.01,2085.51,5476.288189,3664.806335,8212.493741,2176.632646,,,,,5%,5%,3%,6%
2015-05-31,5774.9,4611.74,20563.15,2107.39,5647.228669,3199.933895,9052.941043,2230.129363,,,,,5%,5%,3%,6%
2015-06-30,5451.2,4277.22,20235.73,2063.11,5629.466921,2736.030618,8903.511694,2231.647054,,,,,6%,6%,3%,6%
2015-07-31,5681.7,3663.73,20585.24,2103.84,5735.266775,2502.981211,9124.40025,2266.710304,,,,,5%,8%,3%,6%
2015-08-31,5222.1,3205.99,18890.48,1972.18,5734.948332,2518.490402,9330.728975,2285.367798,,,,,5%,10%,3%,6%
2015-09-30,5058.6,3052.78,17388.15,1920.03,5941.20275,2386.178606,9917.83102,2293.1003,,,,,7%,11%,5%,7%
2015-10-31,5288.6,3382.56,19083.1,2079.36,5882.295624,2653.614649,9891.759571,2308.163413,,,,,6%,10%,4%,6%
2015-11-30,5218.2,3445.4,19747.47,2080.41,5994.684709,2388.021282,10774.0277,2340.624773,,,,,6%,10%,4%,6%
2015-12-31,5344.6,3539.18,19033.71,2043.94,6042.384806,2429.648034,11543.2281,2330.101375,,,,,6%,10%,4%,6%
2016-01-31,5056.6,2737.6,17518.3,1940.24,6262.363603,2207.449207,11924.90687,2406.592322,,,,,7%,12%,5%,7%
2016-02-29,4947.9,2687.98,16026.76,1932.23,6137.009759,2195.810911,11545.19954,2391.200677,,,,,7%,13%,7%,7%
2016-03-31,5151.8,3003.92,16758.67,2059.74,6451.013162,2176.01799,12003.4179,2395.687529,,,,,6%,11%,6%,7%
2016-04-30,5316,2938.32,16666.05,2065.3,6487.606021,2258.159515,11925.69923,2415.323478,,,,,6%,11%,6%,7%
2016-05-31,5447.8,2916.62,17234.98,2096.96,6202.069465,2696.483574,11342.40238,2349.894607,,,,,6%,12%,6%,6%
2016-06-30,5310.4,2929.61,15575.92,2098.86,6369.750868,2431.27367,11563.12507,2406.155081,,,,,6%,11%,7%,6%
2016-07-31,5644,2979.34,16569.27,2173.6,6386.053299,2306.328765,11852.30413,2432.948908,,,,,6%,11%,6%,6%
2016-08-31,5529.4,3085.49,16887.4,2170.95,6407.701934,2267.901563,12255.21752,2476.903345,,,,,6%,10%,6%,6%
2016-09-30,5525.2,3004.7,16449.84,2168.27,6672.67147,2338.138915,12597.60444,2499.745444,,,,,6%,10%,6%,6%
2016-10-31,5402.4,3100.49,17425.02,2126.15,6824.574241,2310.971061,12782.78494,2519.781778,,,,,6%,10%,5%,6%
2016-11-30,5502.4,3250.03,18308.48,2198.81,6946.486254,2378.259002,13059.69144,2544.436729,,,,,6%,10%,5%,6%
2016-12-31,5719.1,3103.64,19114.37,2238.83,7040.406388,2721.031674,13661.29733,2559.284509,,,,,5%,11%,5%,6%
2017-01-31,5675,3159.17,19041.34,2278.87,7083.053918,2952.451205,13736.48477,2585.751223,,,,,5%,10%,4%,6%
2017-02-28,5761,3241.73,19118.99,2363.64,7117.63525,3102.230017,13824.08985,2580.576833,,,,,5%,9%,5%,6%
2017-03-31,5903.8,3222.51,18909.26,2362.72,7484.365059,3379.971536,13776.48273,2602.978292,,,,,5%,9%,5%,6%
2017-04-30,5947.6,3154.66,19196.74,2384.2,7658.838123,3987.724928,13881.07629,2731.275143,,,,,5%,8%,5%,6%
2017-05-31,5761.3,3117.18,19650.57,2411.8,7760.533746,4107.068115,14651.64538,2749.22227,,,,,5%,8%,5%,6%
2017-06-30,5764,3192.43,20033.43,2423.41,7629.133944,3326.842298,14280.79117,2685.287456,,,,,5%,8%,4%,6%
2017-07-31,5773.9,3273.03,19925.18,2470.3,7599.711164,3692.088243,14019.95771,2672.946081,,,,,5%,6%,4%,5%
2017-08-31,5776.3,3360.81,19646.24,2471.65,7544.978996,4178.0859,14020.05796,2707.342633,,,,,5%,6%,4%,6%
2017-09-30,5744.9,3348.94,20356.28,2519.36,7982.796218,4134.446761,14405.60098,2742.268643,,,,,5%,6%,4%,5%
2017-10-31,5976.4,3393.34,22011.61,2575.26,8108.587762,4150.330189,14392.28911,2763.576913,,,,,5%,6%,3%,5%
2017-11-30,6057.2,3317.19,22724.96,2647.58,8089.981547,3605.701112,14364.33359,2747.111814,,,,,5%,5%,3%,5%
2017-12-31,6167.3,3307.17,22764.94,2673.61,7882.358423,3980.705736,14296.30836,2738.092749,,,,,5%,5%,3%,5%
2018-01-31,6146.5,3480.83,23098.29,2823.81,7631.840386,3913.690927,14122.02649,2708.014735,,,,,5%,4%,3%,5%
2018-02-28,6117.3,3259.41,22068.24,2713.83,7702.675168,3651.793233,14359.73371,2706.852434,,,,,5%,4%,4%,5%
2018-03-31,5868.9,3168.9,21454.3,2640.87,7797.556352,3200.443526,14374.32145,2691.634948,,,,,5%,5%,4%,5%
2018-04-30,6071.6,3082.23,22467.87,2648.05,7875.57381,3147.46356,14423.42829,2732.122802,,,,,5%,5%,4%,5%
2018-05-31,6123.5,3095.47,22201.82,2705.27,7969.79235,3081.686366,15356.50946,2731.401742,,,,,5%,5%,4%,5%
2018-06-30,6289.7,2847.42,22304.51,2718.37,7731.834069,2547.00615,15004.1644,2672.733476,,,,,5%,6%,4%,5%
2018-07-31,6366.2,2876.4,22553.72,2816.29,7641.800756,2563.769934,15469.80577,2703.400969,,,,,4%,6%,4%,5%
2018-08-31,6427.8,2725.25,22865.15,2901.52,7664.194856,2361.741144,15816.40039,2749.068631,,,,,4%,7%,4%,5%
2018-09-30,6325.5,2821.35,24120.04,2913.98,7681.3078,2935.0092,15890.37097,2697.036415,,,,,5%,7%,4%,5%
2018-10-31,5913.3,2602.78,21920.46,2711.74,7401.141282,2971.465685,16061.78791,2685.374982,,,,,5%,9%,5%,5%
2018-11-30,5749.3,2588.19,22351.06,2760.17,7379.619435,3003.080466,17709.09977,2707.478175,,,,,5%,8%,5%,5%
2018-12-31,5709.4,2493.9,20014.77,2506.85,7357.187114,2609.701437,18917.77205,2679.686187,,,,,5%,9%,7%,6%
2019-01-31,5937.3,2584.57,20773.49,2704.1,7321.55215,3309.127251,18182.06755,2672.829341,,,,,5%,7%,6%,6%
2019-02-28,6252.7,2940.95,21385.16,2784.49,7307.061192,3619.990565,18619.871,2710.883623,,,,,5%,7%,6%,5%
2019-03-31,6261.7,3090.76,21205.81,2834.4,7324.234531,3582.684259,17160.88869,2606.806746,,,,,5%,6%,6%,5%
2019-04-30,6418.4,3078.34,22258.73,2945.83,7229.373932,3450.897424,16286.56923,2572.181568,,,,,5%,6%,6%,5%
2019-05-31,6491.8,2898.7,20601.19,2752.06,7312.325409,3211.947174,17477.84185,2537.777641,,,,,5%,9%,8%,6%
2019-06-30,6699.2,2978.88,21275.92,2941.76,7230.846366,3229.754068,15721.53309,2528.35604,,,,,4%,8%,8%,5%
2019-07-31,6896.7,2932.51,21521.53,2980.38,7260.699888,3457.446718,16227.00488,2533.711923,,,,,4%,8%,7%,5%
2019-08-31,6698.2,2886.24,20704.37,2926.46,7729.858291,2883.144764,16654.61206,2644.543776,,,,,4%,8%,8%,6%
2019-09-30,6800.6,2905.19,21755.84,2976.74,7569.37102,3032.359134,16231.66821,2529.828747,,,,,4%,9%,8%,5%
2019-10-31,6772.9,2929.06,22927.04,3037.56,7617.132003,3116.031268,16322.54898,2522.731219,,,,,4%,8%,7%,5%
2019-11-30,6948,2871.98,23293.91,3140.98,7677.609715,3232.573008,16839.96254,2558.319327,,,,,4%,8%,7%,5%
2019-12-31,6802.4,3050.12,23656.62,3230.78,7956.190687,3299.670575,19647.28565,2616.144725,,,,,5%,7%,7%,5%
2020-01-31,7121.2,2976.53,23205.18,3225.52,7605.496235,3170.400429,16974.45385,2576.422063,,,,,4%,7%,7%,5%
2020-02-29,6511.5,2880.3,21142.96,2954.22,7557.936124,3186.194778,18398.70101,2587.555739,,,,,5%,7%,9%,6%
2020-03-31,5110.6,2750.3,18917.01,2584.59,7768.428386,3138.690516,16682.59639,2626.816614,,,,,7%,8%,10%,7%
2020-04-30,5597.7,2860.08,20193.69,2912.43,7770.352896,3013.311101,16272.504,2633.956087,,,,,7%,8%,10%,6%
2020-05-31,5872.2,2852.35,21877.89,3044.31,7137.205347,2933.808845,14855.51913,2392.943109,,,,,6%,8%,9%,5%
2020-06-30,6001.3,2984.67,22288.14,3100.29,7554.044287,2671.527256,17076.48118,2583.47029,,,,,6%,6%,8%,5%
2020-07-31,6058.3,3310.01,21710,3271.12,7522.322197,2862.95278,17544.73337,2583.232467,,,,,6%,5%,9%,5%
2020-08-31,6245.9,3395.68,23139.76,3500.31,7594.197201,2953.245929,18583.49438,2614.537333,,,,,6%,5%,8%,5%
2020-09-30,6009.3,3218.05,23185.12,3363,7905.365232,2944.541348,17955.54265,2605.471169,,,,,6%,5%,8%,5%
2020-10-31,6133.2,3224.53,22977.13,3269.96,8010.651904,3213.480926,18027.9648,2612.098919,,,,,6%,5%,8%,5%
2020-11-30,6742.1,3391.76,26433.62,3621.63,8142.095136,3101.596305,19032.07961,2648.372366,,,,,5%,4%,6%,5%
2020-12-31,6850.6,3473.07,27444.17,3756.07,8442.855087,3105.425384,19915.52846,2829.931198,,,,,5%,4%,6%,4%
2021-01-31,6870.9,3483.07,27663.39,3714.24,8111.077272,3108.693287,18437.88694,2716.470065,,,,,5%,3%,6%,4%
2021-02-28,6940.6,3509.08,28966.01,3811.15,8085.299758,3296.037857,19566.31533,2749.442331,,,,,5%,3%,6%,4%
2021-03-31,7017,3441.91,29178.8,3972.89,8259.855088,3195.638224,18876.95785,2798.277533,,,,,4%,4%,5%,4%
2021-04-30,7290.7,3446.86,28812.63,4181.17,8210.242357,3290.8504,18707.65776,2892.15929,,,,,4%,4%,6%,4%
2021-05-31,7406.7,3615.48,28860.08,4204.11,8168.111164,3161.3025,19551.64865,2833.879655,,,,,4%,4%,6%,4%
2021-06-30,7585,3591.2,28791.53,4297.5,8039.981423,3289.60615,18212.99381,2852.374097,,,,,4%,4%,6%,4%
2021-07-31,7664.2,3397.36,27283.59,4395.26,8064.681767,3269.633353,19016.1679,2844.596326,,,,,4%,6%,6%,4%
2021-08-31,7823.3,3543.94,28089.54,4522.68,8074.319475,3447.44627,20907.22949,2870.680849,,,,,4%,6%,6%,4%
2021-09-30,7629.7,3568.17,29452.66,4307.54,8434.05668,4304.002638,19654.89744,2839.092259,,,,,4%,7%,5%,4%
2021-10-31,7639.1,3547.34,28892.69,4605.38,8461.583324,3817.788287,20065.59668,2866.649128,,,,,4%,7%,6%,4%
2021-11-30,7587.4,3563.89,27821.76,4567,8599.502875,4019.854117,21229.02017,2920.074333,,,,,4%,7%,6%,4%
2021-12-31,7779.2,3639.78,28791.71,4766.18,8596.955791,3648.66661,21558.03587,2927.04679,,,,,4%,8%,6%,4%
2022-01-31,7268.3,3361.44,27001.98,4515.55,8481.740412,3454.809492,21656.14946,2949.38111,,,,,5%,8%,7%,4%
2022-02-28,7323.2,3462.31,26526.82,4373.79,8510.284249,3419.894739,21658.20809,2986.575765,,,,,4%,9%,7%,4%
2022-03-31,7789.6,3252.2,27821.43,4530.41,8676.789889,3459.352776,19927.61371,3056.680448,,,,,4%,10%,7%,4%
2022-04-30,7724.8,3047.06,26847.9,4131.93,8678.587119,3711.099006,18514.16003,3041.058069,,,,,4%,11%,7%,5%
2022-05-31,7455.2,3186.43,27279.8,4132.15,8494.686365,4373.136783,23025.70134,3052.671453,,,,,4%,10%,8%,5%
2022-06-30,6746.5,3398.62,26393.04,3785.38,8397.271469,4002.647119,22727.49111,3089.452934,,,,,5%,9%,8%,6%
2022-07-31,7173.8,3253.24,27801.64,4130.29,8239.229425,3760.076265,24199.53266,3098.458721,,,,,5%,11%,7%,5%
2022-08-31,7226.1,3202.14,28091.53,3955,8206.708608,3843.03506,25925.0073,3148.848395,,,,,5%,11%,7%,5%
2022-09-30,6665.6,3024.39,25937.21,3585.62,8584.885289,3931.919492,24245.25196,3154.476781,,,,,6%,14%,9%,6%
2022-10-31,,,,,8663.394116,3650.089905,24042.71314,3153.241553,,,,,,,,
2022-11-30,,,,,8732.373431,3438.844335,23673.55833,3190.960114,,,,,,,,
2022-12-31,,,,,9046.591556,3683.285624,26458.18705,3210.728698,,,,,,,,
2023-01-31,,,,,8698.228682,3660.24324,21875.61554,3221.851701,,,,,,,,
2023-02-28,,,,,8676.881235,3814.438881,23543.19049,3246.097397,,,,,,,,
2023-03-31,,,,,8615.583129,3830.65134,23561.67022,3428.988572,,,,,,,,
2023-04-30,,,,,8654.84356,3886.870053,20782.35692,3318.017362,,,,,,,,
2023-05-31,,,,,8639.339931,4279.176444,21775.78026,3341.694687,,,,,,,,
2023-06-30,,,,,8565.693187,4099.138311,22279.43634,3346.9752,,,,,,,,
2023-07-31,,,,,8559.218783,3954.360847,22953.26669,3385.942967,,,,,,,,
2023-08-31,,,,,8550.100509,4057.002765,24574.66463,3400.140572,,,,,,,,
2023-09-30,,,,,8942.740886,4263.64499,23404.24111,3403.599606,,,,,,,,
2023-10-31,,,,,9004.897469,4084.259923,23240.70073,3440.091211,,,,,,,,
2023-11-30,,,,,9040.666622,4000.024576,24506.83855,3499.003687,,,,,,,,
2023-12-31,,,,,9130.54774,3974.860495,25836.07939,3587.966478,,,,,,,,
2024-01-31,,,,,8866.454772,4167.333644,22855.44665,3412.29957,,,,,,,,
2024-02-29,,,,,9129.74529,4063.808987,26891.34686,3548.127935,,,,,,,,
2024-03-31,,,,,9264.464473,4129.235514,25589.70889,3611.698582,,,,,,,,
2024-04-30,,,,,9160.937265,4503.160556,25550.75815,3615.888887,,,,,,,,
2024-05-31,,,,,9165.961359,4373.545002,26237.09451,3650.570187,,,,,,,,
2024-06-30,,,,,9208.099607,4250.39178,25274.57073,3680.729249,,,,,,,,
2024-07-31,,,,,9199.149317,4139.100821,25799.88631,3666.136236,,,,,,,,
2024-08-31,,,,,9179.718407,4185.929622,27285.90876,3740.164763,,,,,,,,
2024-09-30,,,,,9373.990047,5258.833113,26100.07114,3705.429286,,,,,,,,
2024-10-31,,,,,9332.71379,5109.857464,26232.37673,3726.454912,,,,,,,,
2024-11-30,,,,,9425.583055,5551.496193,26790.49446,3786.220553,,,,,,,,
2024-12-31,,,,,9609.66589,6563.499157,26961.70855,3770.357734,,,,,,,,
2025-01-31,,,,,9460.88355,6239.826288,27486.1822,3734.695147,,,,,,,,
2025-02-28,,,,,9544.168124,6157.710627,28782.16433,3791.466048,,,,,,,,
2025-03-31,,,,,9544.4211,6773.390593,27371.104,3806.50929,,,,,,,,
2025-04-30,,,,,9460.62738,6909.551121,26698.37357,3815.177447,,,,,,,,
2025-05-31,,,,,9527.58321,7667.535184,27277.19141,3827.905607,,,,,,,,
2025-06-30,,,,,9469.625217,7681.92136,27158.69881,3813.70765,,,,,,,,
2025-07-31,,,,,9447.011768,7728.43212,27424.57251,3841.831513,,,,,,,,
2025-08-31,,,,,8693.532969,8176.492937,26197.00155,3635.035767,,,,,,,,
2025-09-30,,,,,9573.118057,8710.698677,28391.44814,3745.335506,,,,,,,,
2025-10-31,,,,,9609.034667,8430.898326,27645.58888,3831.635335,,,,,,,,
2025-11-30,,,,,9712.708682,9031.185751,28981.09308,3857.969593,,,,,,,,
2025-12-31,,,,,9969.013334,9218.755185,27922.4698,3795.389562,,,,,,,,
2026-01-31,,,,,9762.427998,8670.086477,28934.04396,3797.610619,,,,,,,,
2026-02-28,,,,,9799.482163,8929.016431,32180.25433,3793.692927,,,,,,,,
2026-03-31,,,,,9614.440435,8283.816792,30148.83571,3882.702545,,,,,,,,
2026-04-30,,,,,9792.238131,8550.629224,29689.29386,3888.845337,,,,,,,,
2026-05-31,,,,,9604.904917,8787.345814,30166.13613,3897.00109,,,,,,,,
2026-06-30,,,,,9619.779705,8623.294285,30345.23932,3909.99831,,,,,,,,
2026-07-31,,,,,9664.925019,8316.321141,29645.43522,3945.230427,,,,,,,,
2026-08-31,,,,,9605.485742,7690.375162,30514.6848,3964.41328,,,,,,,,
2026-09-30,,,,,9628.944126,7672.469254,29351.81815,3936.540853,,,,,,,,
2026-10-31,,,,,9556.366469,8199.643382,29146.86585,3913.780708,,,,,,,,
2026-11-30,,,,,9593.606609,8695.238545,29683.71763,3987.005362,,,,,,,,
2026-12-31,,,,,9605.043631,8698.750755,29869.72428,4017.832102,,,,,,,,
2027-01-31,,,,,9583.807709,7836.650997,29534.53687,4057.500111,,,,,,,,
2027-02-28,,,,,9594.750302,7618.749286,31593.15287,4122.482087,,,,,,,,
2027-03-31,,,,,9443.719243,7314.217773,29947.39674,4143.099237,,,,,,,,
2027-04-30,,,,,9360.110486,7129.814066,29853.73842,4141.852279,,,,,,,,
2027-05-31,,,,,9463.022832,6659.603429,30694.11877,4171.584754,,,,,,,,
2027-06-30,,,,,9494.202843,6631.322642,29744.67247,4181.738103,,,,,,,,
2027-07-31,,,,,9434.623171,6083.389834,29536.11778,4202.228579,,,,,,,,
2027-08-31,,,,,9408.735651,5912.110792,30340.72934,4233.419627,,,,,,,,
2027-09-30,,,,,9524.613623,6085.781147,29593.61938,4242.659005,,,,,,,,
2027-10-31,,,,,9614.511948,5889.509916,30180.39819,4290.53589,,,,,,,,
2027-11-30,,,,,9766.968681,5612.751874,31674.32935,4369.653795,,,,,,,,
2027-12-31,,,,,9817.250162,5412.239809,31368.06909,4396.376815,,,,,,,,
2028-01-31,,,,,9839.414964,4928.367818,31330.45513,4526.123198,,,,,,,,
2028-02-29,,,,,9860.095102,4962.349814,33532.72849,4460.893529,,,,,,,,
2028-03-31,,,,,9714.28766,5007.943445,32194.69864,4450.871607,,,,,,,,
2028-04-30,,,,,9686.613862,5006.82922,32225.28981,4450.60867,,,,,,,,
2028-05-31,,,,,9836.145611,4985.059457,33302.74145,4521.102731,,,,,,,,
2028-06-30,,,,,9838.121461,4916.389203,33238.09678,4547.407725,,,,,,,,
2028-07-31,,,,,9805.284945,5133.771143,33139.13155,4618.392772,,,,,,,,
2028-08-31,,,,,9836.171472,5119.659843,35357.95805,4729.215288,,,,,,,,
2028-09-30,,,,,10002.24954,5656.954789,35092.91295,4723.675185,,,,,,,,
2028-10-31,,,,,9771.822185,6235.039886,35506.7959,4589.624229,,,,,,,,
2028-11-30,,,,,9768.03253,5573.361528,37204.1284,4683.939176,,,,,,,,
2028-12-31,,,,,9721.345076,5828.558739,37857.84861,4511.005514,,,,,,,,
2029-01-31,,,,,9827.515978,5201.021375,36768.09867,4639.45449,,,,,,,,
2029-02-28,,,,,10024.61722,5652.264606,39955.64783,4730.039602,,,,,,,,
2029-03-31,,,,,9963.817353,5739.865098,39597.56395,4820.757438,,,,,,,,
2029-04-30,,,,,10112.13544,5712.129488,40671.69066,4915.620553,,,,,,,,
2029-05-31,,,,,10147.01908,6628.658153,43990.93839,4841.349114,,,,,,,,
2029-06-30,,,,,10220.45319,6205.39698,43997.98021,4969.010048,,,,,,,,
2029-07-31,,,,,10333.50093,6161.842152,44065.13692,5001.405641,,,,,,,,
2029-08-31,,,,,10194.99244,6414.488049,46739.77617,5022.101981,,,,,,,,
2029-09-30,,,,,10442.15416,6850.576714,46071.78776,5062.900027,,,,,,,,
2029-10-31,,,,,10403.17084,6543.65895,44972.30243,5103.397015,,,,,,,,
2029-11-30,,,,,10554.11974,6253.295952,46093.76683,5231.274708,,,,,,,,
2029-12-31,,,,,10576.15008,5882.301316,46317.08902,5303.075504,,,,,,,,
2030-01-31,,,,,10676.76168,5995.400602,46534.57742,5303.150139,,,,,,,,
2030-02-28,,,,,10467.4362,5718.145313,50307.39906,5139.111696,,,,,,,,
2030-03-31,,,,,10182.44199,6125.044554,50895.08385,4952.300132,,,,,,,,
2030-04-30,,,,,10513.65204,5901.579206,51939.11242,5159.094518,,,,,,,,
2030-05-31,,,,,10690.95321,5970.31838,49686.82282,5190.658345,,,,,,,,
2030-06-30,,,,,10556.08647,5538.28617,50277.55476,5199.608676,,,,,,,,
2030-07-31,,,,,10457.93643,5476.411522,52798.55185,5350.864559,,,,,,,,
2030-08-31,,,,,10733.71932,5457.817672,48834.31568,5505.4423,,,,,,,,
2030-09-30,,,,,10487.12838,5346.357355,48629.99835,5417.03676,,,,,,,,
2030-10-31,,,,,10688.63536,5192.944151,51032.01361,5388.10311,,,,,,,,
2030-11-30,,,,,10850.6097,5259.647973,49503.32806,5630.454976,,,,,,,,
2030-12-31,,,,,10860.61257,5102.158859,49563.46066,5738.960229,,,,,,,,
2031-01-31,,,,,11003.3256,4735.167091,50604.3584,5730.342562,,,,,,,,
2031-02-28,,,,,10883.62743,4813.672648,51911.10699,5824.763623,,,,,,,,
2031-03-31,,,,,10756.12142,5218.247921,49294.55664,5963.817851,,,,,,,,
2031-04-30,,,,,10948.52973,5216.383143,50644.9067,6163.278248,,,,,,,,
2031-05-31,,,,,10941.55204,5481.446221,50249.39453,6241.37204,,,,,,,,
2031-06-30,,,,,11079.41026,5399.460713,49947.26793,6318.802961,,,,,,,,
2031-07-31,,,,,11118.81905,6111.001085,48630.60218,6450.258174,,,,,,,,
2031-08-31,,,,,11293.33895,6560.189314,49985.93571,6614.646337,,,,,,,,
2031-09-30,,,,,11352.20271,7077.643753,49682.77751,6440.380828,,,,,,,,
2031-10-31,,,,,11438.62966,6737.233386,50358.88752,6722.296999,,,,,,,,
2031-11-30,,,,,11552.39114,7299.05898,51416.29833,6763.414672,,,,,,,,
2031-12-31,,,,,11585.62085,7589.612263,51263.20378,6963.514843,,,,,,,,
2032-01-31,,,,,11535.66944,7267.775377,53364.28259,6822.580865,,,,,,,,
2032-02-29,,,,,11357.99341,7951.934018,54421.30171,6736.357071,,,,,,,,
2032-03-31,,,,,11535.83203,8449.937534,54036.6368,6904.005631,,,,,,,,
2032-04-30,,,,,11695.43756,8391.560208,55043.65527,6726.739633,,,,,,,,
2032-05-31,,,,,11463.04636,8580.625805,56263.8476,6754.733501,,,,,,,,
2032-06-30,,,,,11162.49064,8169.716973,56874.89701,6526.856356,,,,,,,,
2032-07-31,,,,,11563.1744,9193.321826,55788.05351,6805.981946,,,,,,,,
2032-08-31,,,,,11775.13572,8974.854121,56807.59129,6745.11164,,,,,,,,
2032-09-30,,,,,11686.47781,11380.94724,59399.47942,6482.888941,,,,,,,,